{
    "$schema": "./node_modules/@angular/cli/lib/config/schema.json",
    "project": {
        "version": "1.0.1",
        "name": "@coreui/angular"
    },
    "apps": [{
        "root": "src",
        "outDir": "dist",
        "assets": ["assets"],
        "index": "index.html",
        "main": "main.ts",
        "polyfills": "polyfills.ts",
        "test": "test.ts",
        "tsconfig": "tsconfig.app.json",
        "testTsconfig": "tsconfig.spec.json",
        "prefix": "app",
        "styles": [
            "../node_modules/font-awesome/css/font-awesome.css",
            "../node_modules/simple-line-icons/css/simple-line-icons.css",
            "../node_modules/froala-editor/css/froala_editor.pkgd.min.css",
            "../node_modules/froala-editor/css/froala_style.min.css",
            "../node_modules/ngx-datetime-picker/ngx-datetime-picker.css",
            "scss/style.scss"
        ],
        "scripts": [
            "../node_modules/chart.js/dist/Chart.bundle.min.js",
            "../node_modules/chart.js/dist/Chart.min.js",
            "../node_modules/jquery/dist/jquery.min.js",
            "../node_modules/froala-editor/js/froala_editor.pkgd.min.js"
        ],
        "environmentSource": "environments/environment.ts",
        "environments": {
            "dev": "environments/environment.ts",
            "prod": "environments/environment.prod.ts"
        }
    }],
    "e2e": {
        "protractor": {
            "config": "./protractor.conf.js"
        }
    },
    "lint": [{
            "project": "src/tsconfig.app.json"
        },
        {
            "project": "src/tsconfig.spec.json"
        },
        {
            "project": "e2e/tsconfig.e2e.json"
        }
    ],
    "test": {
        "karma": {
            "config": "./karma.conf.js"
        }
    },
    "defaults": {
        "styleExt": "scss",
        "prefixInterfaces": false
    }
}